Combination_ID,n_estimators,min_samples_split,min_samples_leaf,max_depth,f1,accuracy,precision,recall
1,400,8,3,3,0.685268311182362,0.8278068644560791,0.9641143497623026,0.5320928644588597
2,300,4,5,3,0.6603743087853974,0.8184991273996509,0.9679941807601381,0.502560600887675
3,300,2,3,11,0.877245297256603,0.9197207678883071,0.9501276117905327,0.8155066738200913
