Combination_ID,solver,penalty,C,f1,accuracy,precision,recall
1,liblinear,l2,10.0,0.6929668099303661,0.7056250132053538,0.7231989202807821,0.6651768057271302
2,liblinear,l2,0.001,0.6925261846460046,0.7045178843783676,0.7209705639893489,0.6662851450247477
