Combination_ID,verbosity,subsample,reg_lambda,reg_alpha,random_state,objective,num_leaves,n_estimators,max_bin,learning_rate,colsample_bytree,boosting_type,f1,accuracy,precision,recall
1,-1,0.7,1.2,1,500,binary,6,16,510,0.005,0.64,dart,0.7054429378412004,0.7275428335625994,0.7671747914570349,0.6529060238605218
2,-1,0.7,1.0,1,500,binary,8,8,510,0.01,0.64,gbdt,0.6975665750732475,0.7213142453970308,0.7619853951976169,0.6432143009341448
