Combination_ID,verbosity,subsample,reg_lambda,reg_alpha,random_state,objective,num_leaves,n_estimators,max_bin,learning_rate,colsample_bytree,boosting_type,f1,accuracy,precision,recall
1,-1,0.7,1.4,1.2,500,binary,6,16,510,0.005,0.64,gbdt,0.7021968187765939,0.7253999715209782,0.7664669460123567,0.6478744743360143
2,-1,0.75,1.0,1.2,500,binary,16,24,510,0.005,0.65,gbdt,0.7070111899823646,0.7296999576453805,0.7712162864331987,0.6527057697459703
