Combination_ID,solver,penalty,C,f1,accuracy,precision,recall
1,liblinear,l1,0.001,0.4534247593583653,0.589342851465119,0.6769373258345333,0.3408901370177541
2,liblinear,l2,0.001,0.5719054594796854,0.6156428469861218,0.6448362221321581,0.5138508613673155
