Combination_ID,solver,penalty,C,f1,accuracy,precision,recall
1,liblinear,l2,10,0.6951414962713526,0.7073286006964508,0.7248620996872973,0.6677720536862474
2,liblinear,l1,10,0.7065672491308699,0.7196429123337597,0.7406892957901725,0.6754624590106775
