Combination_ID,n_estimators,min_samples_split,min_samples_leaf,max_depth,f1,accuracy,precision,recall
1,100,4,3,3,0.7067029692831762,0.7243142711121736,0.7544215884530527,0.6646843642558347
2,100,8,1,11,0.7221757695943506,0.735842864585952,0.7611252263658302,0.687126318392714
