Combination_ID,n_estimators,min_samples_split,min_samples_leaf,max_depth,f1,accuracy,precision,recall
1,300,4,5,5,0.7097294537232085,0.7293999925427189,0.7648781462126134,0.6620826986967324
2,300,2,1,5,0.7100723697078962,0.7295714100939666,0.7647622941845252,0.6627688173031716
