Combination_ID,min_samples_split,min_samples_leaf,max_depth,f1,accuracy,precision,recall
1,10,1,11,0.707042259000925,0.7210999945801181,0.7441507373392663,0.673689608133078
2,4,3,13,0.7002854495501513,0.7129714245767801,0.7322201101367245,0.6711168123173911
