Combination_ID,verbosity,subsample,reg_lambda,reg_alpha,n_estimators,max_depth,learning_rate,gamma,colsample_bytree,colsample_bynode,colsample_bylevel,f1,accuracy,precision,recall
1,0,1,10.0,10.0,400,7,1,0.1,0.7,1,1,0.7217191192448772,0.7304571651957857,0.7454226357530528,0.6994768137513154
2,0,1,0.1,0.5,200,7,1,0.5,0.7,1,1,0.7049046276691774,0.7160000172307743,0.7330952677505375,0.6788073451453592
